,date,temps_enso,ghg_temp,aero_temp,nat_temp
0,1750.0,,0.0,0.0,0.0
12,1751.0,,-0.0010187519830773242,0.0,-0.00046091184926766964
24,1752.0,,-0.0022006233052406722,0.0,-0.0018843425949908827
36,1753.0,,-0.00259836726485976,-0.0005033841984843484,-0.003090032330879139
48,1754.0,,-0.003411303833510907,-0.0013763107415326124,-0.003996639383161409
60,1755.0,,-0.004531988485600847,-0.0020604059658109776,-0.034860617866399185
72,1756.0,,-0.005412435526660064,-0.0025970572825295226,-0.03993495447052852
84,1757.0,,-0.006105387220439504,-0.0030188607047098893,-0.018974064657854506
96,1758.0,,-0.006652282825054247,-0.003351202120741374,-0.011250805043387251
108,1759.0,,-0.007085395431773352,-0.0040975278882566454,-0.010624090712780403
120,1760.0,,-0.006896502779323005,-0.005182361961847464,-0.015255200085862569
132,1761.0,,-0.006198481995364718,-0.006036004053212642,-0.06035734065724382
144,1762.0,,-0.005656171982344932,-0.006708466936042451,-0.0765372865171502
156,1763.0,,-0.005236569990001561,-0.007239790901107083,-0.04512374834761406
168,1764.0,,-0.004912520007558433,-0.008128415491950222,-0.023260218385228612
180,1765.0,,-0.004662872974903998,-0.009343429613768136,-0.013062243786521698
192,1766.0,,-0.004010453300320344,-0.01030289828832175,-0.009685860631024333
204,1767.0,,-0.002983105095874187,-0.011061476811004665,-0.008038112683779566
216,1768.0,,-0.002179976445679436,-0.011663547909213054,-0.004569501988557704
228,1769.0,,-0.0015532928142909935,-0.012143677143020674,0.0002224138915609044
240,1770.0,,-0.0006156988018995516,-0.012977116098293844,0.00438478799353471
252,1771.0,,0.000649230088099962,-0.014170863039283445,0.006281164835060125
264,1772.0,,0.001641987647860551,-0.015118070827343432,0.002993122457953857
276,1773.0,,0.0024202101070732625,-0.01587065879477203,-0.0005165391351920289
288,1774.0,,0.003466955743129339,-0.01647160573267202,-0.0010353553926766062
300,1775.0,,0.004832999862771251,-0.016954383895117737,-0.0028088678964725312
312,1776.0,,0.005908670532276398,-0.017774469164958676,-0.005051060026007411
324,1777.0,,0.006755248799080189,-0.018978689085101735,-0.005892159733873335
336,1778.0,,0.007423367603786782,-0.019938988975341135,-0.006601045883312999
348,1779.0,,0.007952460120756455,-0.020705231239652743,-0.009211934159825136
360,1780.0,,0.008373237136673465,-0.021320253844725905,-0.01184053002444996
372,1781.0,,0.008709616434919184,-0.022231831381073347,-0.011291689931964206
384,1782.0,,0.008980225401637282,-0.023524253731672013,-0.008735856565900188
396,1783.0,,0.00960811984166737,-0.024558169463839225,-0.3047213106574445
408,1784.0,,0.010675168116034525,-0.02538519000037838,-0.467201956338635
420,1785.0,,0.01152479772554343,-0.026050976557913493,-0.20910911812957259
432,1786.0,,0.012598666393212901,-0.026591090622176083,-0.08990123922463489
444,1787.0,,0.014024366846019239,-0.02742932207154822,-0.03900470546941382
456,1788.0,,0.015551756579066269,-0.028683958405651876,-0.021752999581126628
468,1789.0,,0.01733949703167975,-0.02969392120947236,-0.018558217208967283
480,1790.0,,0.019147433571270328,-0.030505551105210835,-0.016152039115422248
492,1791.0,,0.021163254569647853,-0.03116259979575118,-0.01490043401066707
504,1792.0,,0.023147047515789762,-0.031699141710040235,-0.013655014607009023
516,1793.0,,0.02568724767726476,-0.03252035945275524,-0.013460421891331772
528,1794.0,,0.028297915463328095,-0.03378012345201885,-0.01950969470063795
540,1795.0,,0.03074479163921782,-0.03479946231610173,-0.021776622523194074
552,1796.0,,0.033281992014704186,-0.03562156643234242,-0.041216940023224215
564,1797.0,,0.03530319070369292,-0.03628992948605194,-0.05908839215529302
576,1798.0,,0.03727584582555887,-0.03720249952547451,-0.033294491076873343
588,1799.0,,0.03945473286600163,-0.038549326774781394,-0.02077909826186464
600,1800.0,,0.04195646457296426,-0.03964153208484923,-0.016024173919108833
612,1801.0,,0.045236818391212456,-0.04052359884692357,-0.018379431646051443
624,1802.0,,0.04821690650268107,-0.04124185975111593,-0.020647795700631088
636,1803.0,,0.051201167121767525,-0.041832399446061624,-0.01589577482355423
648,1804.0,,0.05358857958401269,-0.04266989906085675,-0.020625092632677533
660,1805.0,,0.05584146735743449,-0.043975000077812514,-0.028144389919532383
672,1806.0,,0.05826868185789452,-0.045041410132365504,-0.022279807590018266
684,1807.0,,0.0602273108770412,-0.0459063800686677,-0.017202377827221428
696,1808.0,,0.06180500888114593,-0.046614304240822295,-0.015593574296118426
708,1809.0,,0.06341897870059676,-0.047532948100121826,-0.23326828854424334
720,1810.0,,0.06535937757556537,-0.048913966608314256,-0.49545460006035064
732,1811.0,,0.06694511055548549,-0.05004627880332281,-0.33521427086759364
744,1812.0,,0.06823528841532338,-0.050965641925881884,-0.18835961776641022
756,1813.0,,0.06929502482253963,-0.05171898148964706,-0.10153684852171374
768,1814.0,,0.07017503160421355,-0.05234284397213303,-0.055823571507726356
780,1815.0,,0.07091480441689627,-0.053182939254249266,-0.3816076881245097
792,1816.0,,0.07123041348919294,-0.054517804088605994,-0.8541237108775873
804,1817.0,,0.07088377926556694,-0.05562070168742602,-0.6386865520099807
816,1818.0,,0.07064079815761222,-0.05651997880853814,-0.40356493121286297
828,1819.0,,0.07053451889254175,-0.05726048404915671,-0.224499654638371
840,1820.0,,0.07057284892145631,-0.0578771464466389,-0.11987231797014626
852,1821.0,,0.07065511599529896,-0.058697567616841397,-0.06513277326816605
864,1822.0,,0.0707684208869819,-0.06003295188993885,-0.04283568777795248
876,1823.0,,0.07090566360247091,-0.061142704278062815,-0.03502533956332076
888,1824.0,,0.07106131577729313,-0.06205006273180616,-0.03184642860371005
900,1825.0,,0.07123107302799261,-0.0627995914769495,-0.02985560235620032
912,1826.0,,0.07141158420319663,-0.06371374359258473,-0.02828376820251549
924,1827.0,,0.07160024052415953,-0.06513389626954938,-0.026590373709551647
936,1828.0,,0.07239080045441308,-0.06631625591756363,-0.02461503786313699
948,1829.0,,0.07446636785737576,-0.06728302696500997,-0.023285886426281086
960,1830.0,,0.07589732126324669,-0.06808167863989054,-0.022452062628687434
972,1831.0,,0.07632144748185885,-0.06874918105605575,-0.06213518351657646
984,1832.0,,0.07666490978457663,-0.06958766594567749,-0.14818088634579896
996,1833.0,,0.07698291949960943,-0.07096060301293258,-0.15260432044245356
1008,1834.0,,0.07728086614366474,-0.07211401299114957,-0.11268260054887101
1020,1835.0,,0.07756294822217132,-0.07306082315390747,-0.19685265497326968
1032,1836.0,,0.07783243667458636,-0.07384650210681014,-0.38236552268169177
1044,1837.0,,0.0780918800458327,-0.07476709667769856,-0.25431730763751526
1056,1838.0,,0.07834326427400079,-0.07621488997861085,-0.14116053225805614
1068,1839.0,,0.07858813713316175,-0.07743383938326735,-0.07759513388455508
1080,1840.0,,0.07908031943910819,-0.07843442984180862,-0.047641743013981566
1092,1841.0,,0.0802006154799482,-0.07926471803159829,-0.03477663359320717
1104,1842.0,,0.0814162568012556,-0.07996213169321827,-0.029102958308848445
1116,1843.0,,0.08310615816821047,-0.08080123147366572,-0.028605279761714616
1128,1844.0,,0.08476563368240025,-0.08219793326339839,-0.03033768161857866
1140,1845.0,,0.08704770646682622,-0.08338476414360685,-0.029446897304904844
1152,1846.0,,0.08986457681890418,-0.08436277622713627,-0.03035752726311414
1164,1847.0,,0.09286511197227869,-0.08517790431989716,-0.033625972737974165
1176,1848.0,,0.09557488476794004,-0.08586592370255007,-0.03305334284095875
1188,1849.0,,0.09875972333013061,-0.08668570103334744,-0.02817142862065129
1200,1850.0,-0.4078325951971603,0.10206643775450716,-0.0880780643388553,-0.025767868304309487
1212,1851.0,0.18516740480283966,0.10476639836381083,-0.08926990017869038,-0.03009850036466973
1224,1852.0,0.10916740480283968,0.10694234883199452,-0.09025417730778632,-0.02960119440207505
1236,1853.0,0.08016740480283965,0.10848698728526197,-0.09107654052977045,-0.02745936898034623
1248,1854.0,-0.20183259519716037,0.10905803700796661,-0.09199284682095912,-0.026068779107341764
1260,1855.0,0.27916740480283964,0.1095150503267176,-0.09346796163182275,-0.026452017679872167
1272,1856.0,0.3771674048028396,0.10993892320866333,-0.09473245993492795,-0.03494084582858688
1284,1857.0,-0.16583259519716034,0.11033666271903236,-0.09577588802520814,-0.11763448067565402
1296,1858.0,0.13716740480283968,0.11094866493266298,-0.09664686724295715,-0.17739512178352163
1308,1859.0,0.0011674048028396944,0.11207075137870984,-0.09738326525567519,-0.1335965524358875
1320,1860.0,0.022167404802839658,0.11237317031523927,-0.0982220434698197,-0.08517232708990866
1332,1861.0,-0.6448325951971603,0.11261266855094382,-0.09964500344170427,-0.05295310608555894
1344,1862.0,-0.5708325951971605,0.1128656286974154,-0.10087790905243088,-0.041306505792818346
1356,1863.0,0.22116740480283967,0.11312875661621435,-0.10189896143816667,-0.05804049530548807
1368,1864.0,-0.21783259519716028,0.11359839501114122,-0.10275473253583399,-0.05547397739018381
1380,1865.0,0.4581674048028397,0.11474507079983548,-0.10348149398652001,-0.04605044477843534
1392,1866.0,0.41916740480283965,0.11599168650473102,-0.10430166836145095,-0.037952085544548576
1404,1867.0,0.21716740480283966,0.11802125621349338,-0.10571839106223342,-0.03319649360624784
1416,1868.0,-0.1238325951971603,0.12047119482480043,-0.10695576515784902,-0.03170883948489721
1428,1869.0,0.15916740480283967,0.12271549276063962,-0.10798246377438765,-0.030401639363992178
1440,1870.0,0.0631674048028397,0.1254457337592726,-0.10884478801721607,-0.029368542511756517
1452,1871.0,-0.19083259519716037,0.12863136132189218,-0.1097622411906875,-0.0289434954003985
1464,1872.0,-0.10383259519716034,0.13199422128516333,-0.11126215309605468,-0.026187101194749877
1476,1873.0,0.031167404802839666,0.1351530061444409,-0.11257238262932734,-0.02722248470947095
1488,1874.0,0.12316740480283966,0.13922990626825943,-0.1136582195067504,-0.03076384441967105
1500,1875.0,-0.11983259519716036,0.14284036558011384,-0.11456898764157289,-0.03043802760895666
1512,1876.0,-0.031832595197160335,0.1464721769783096,-0.1153431020197046,-0.03124493313628504
1524,1877.0,0.14416740480283965,0.14947926306074819,-0.11618103482749506,-0.04190501936496467
1536,1878.0,0.3321674048028397,0.15210503728236216,-0.1176254976806991,-0.043066845904543356
1548,1879.0,0.23116740480283968,0.15505416198769018,-0.11890297155662212,-0.040023207438335325
1560,1880.0,-0.03883259519716034,0.1575464471823616,-0.11996533631153215,-0.03677518962046493
1572,1881.0,0.2581674048028397,0.159586875095437,-0.12085985264325524,-0.03340623886190141
1584,1882.0,0.4481674048028397,0.16143599372442474,-0.12162332875012735,-0.029704496777508655
1596,1883.0,-0.05883259519716036,0.16370484979451216,-0.12244374743545317,-0.032289091248651376
1608,1884.0,0.10516740480283968,0.16599731628582393,-0.12387934918321172,-0.15207846927090582
1620,1885.0,-0.32383259519716034,0.1694266524868585,-0.12516029268868245,-0.3401426321334254
1632,1886.0,-0.2878325951971603,0.17255969192344073,-0.12622734043392905,-0.25382371857303077
1644,1887.0,-0.5848325951971605,0.1759917908853706,-0.12712747528976714,-0.1909750288073143
1656,1888.0,0.0031674048028396407,0.17975677107984073,-0.12789728912755602,-0.15644812290568585
1668,1889.0,0.22516740480283967,0.18379948414056704,-0.12871335825806746,-0.12644070360790893
1680,1890.0,-0.10283259519716034,0.18812640485884097,-0.1301502953881991,-0.12058676878738551
1692,1891.0,-0.13483259519716032,0.1926099637819253,-0.13144259373522335,-0.14212641517968397
1704,1892.0,0.07416740480283965,0.19720714320613011,-0.13252040992521175,-0.1256358623115941
1716,1893.0,-0.5458325951971603,0.2018965011575019,-0.1334308473714879,-0.10453553581807369
1728,1894.0,-0.19283259519716037,0.20666018362200372,-0.1343491867606297,-0.06974693542121961
1740,1895.0,-0.1238325951971603,0.2113485145367166,-0.13586977869264055,-0.04474973537293339
1752,1896.0,0.13116740480283967,0.2153826177425861,-0.1372370719657306,-0.03373700995582604
1764,1897.0,0.17016740480283968,0.2193989667899804,-0.13837549737176494,-0.06860495985883337
1776,1898.0,0.18216740480283966,0.22291149679225697,-0.13933532994088352,-0.07752088880081728
1788,1899.0,0.12816740480283967,0.22666786201636052,-0.14015572557431963,-0.06864479156928778
1800,1900.0,-0.07183259519716031,0.2306699084753832,-0.1409953543091988,-0.052854014334157845
1812,1901.0,0.06116740480283969,0.23406443219574397,-0.14245686886193185,-0.04286366356390602
1824,1902.0,0.0631674048028397,0.23685518336526287,-0.14378991419449355,-0.03844690830631285
1836,1903.0,0.08616740480283966,0.23943463269300333,-0.14490347671540185,-0.09349087463484555
1848,1904.0,-0.31983259519716034,0.24326283765900572,-0.14584574687153687,-0.18997722669390937
1860,1905.0,0.007167404802839644,0.24739455482804923,-0.14677454698956957,-0.14443785219744143
1872,1906.0,0.005167404802839642,0.2511444235611205,-0.1483069949754888,-0.0950100846392372
1884,1907.0,-0.06683259519716031,0.255887636327896,-0.1497058636037402,-0.06599875301517664
1896,1908.0,-0.07483259519716032,0.2607524998291357,-0.1508727985324452,-0.061695731001781134
1908,1909.0,-0.43183259519716033,0.2650771985407352,-0.15185873429147148,-0.05841602849026654
1920,1910.0,-0.04783259519716035,0.27016210471986174,-0.1528148947177401,-0.04706388081807808
1932,1911.0,-0.33783259519716036,0.274689128478524,-0.15437090480556626,-0.04245232703777799
1944,1912.0,0.11516740480283966,0.2793493281994179,-0.15579868565749191,-0.039304640996434714
1956,1913.0,-0.18883259519716036,0.28484319771296374,-0.15699019720458976,-0.08430606711726912
1968,1914.0,0.3461674048028397,0.289819748457818,-0.1579973232008774,-0.09581419055605998
1980,1915.0,0.10616740480283968,0.2955305719725344,-0.15886047255856692,-0.07344042805328833
1992,1916.0,0.14916740480283966,0.3014184329311377,-0.15961111756549667,-0.05174039284767708
2004,1917.0,-0.32583259519716035,0.30789019448927696,-0.1602737706508953,-0.037612363846427785
2016,1918.0,-0.19083259519716037,0.3135362156811736,-0.16096597986858496,-0.028920999495065897
2028,1919.0,0.13716740480283968,0.3190704602885501,-0.16231726448935485,-0.023737967177609086
2040,1920.0,0.17016740480283968,0.32537623966839097,-0.1635995859575263,-0.024917470127112495
2052,1921.0,0.22516740480283967,0.33165336545898205,-0.16467872088161725,-0.04595599975266428
2064,1922.0,0.0641674048028397,0.3378135384763618,-0.16569070788198434,-0.04754164859439971
2076,1923.0,0.05716740480283969,0.3437320764347208,-0.1672934021732014,-0.041295920436968385
2088,1924.0,0.08916740480283966,0.3488042040210134,-0.16878084529832652,-0.03698320431543752
2100,1925.0,-0.07083259519716031,0.35380259606056935,-0.17010960429577046,-0.040549443056727
2112,1926.0,0.5791674048028397,0.3589733984193567,-0.17195899844601525,-0.03943195318353366
2124,1927.0,0.10916740480283968,0.36413577363591865,-0.17364796012074443,-0.03561491115070798
2136,1928.0,0.4621674048028397,0.36862985901839995,-0.17513240428079657,-0.02947551280382869
2148,1929.0,-0.05883259519716036,0.37325910944020113,-0.1771038388159255,-0.037860897786966705
2160,1930.0,0.12916740480283967,0.3787994961793999,-0.17897726286904286,-0.04824462264398323
2172,1931.0,0.25216740480283967,0.38387705630143076,-0.18125345602073784,-0.043514644057803906
2184,1932.0,0.4621674048028397,0.38968020435827333,-0.18329026907756144,-0.041567428159439646
2196,1933.0,0.10616740480283968,0.39553504219407054,-0.18496780268445315,-0.05172423705301944
2208,1934.0,0.09716740480283967,0.4006751513972314,-0.18636509459425168,-0.05063984186418514
2220,1935.0,-0.010832595197160316,0.406526472693278,-0.1875437015401853,-0.046185732172630854
2232,1936.0,0.04816740480283968,0.4124392242134457,-0.18862452709808492,-0.04286300051255072
2244,1937.0,0.29016740480283965,0.41763013350355244,-0.1902809582427349,-0.03491431902585464
2256,1938.0,0.43016740480283966,0.42352195862566977,-0.19184808746142834,-0.028918060264438623
2268,1939.0,0.31516740480283967,0.42948532081897295,-0.19316114331211795,-0.03139064434195509
2280,1940.0,0.41816740480283965,0.4347212026013979,-0.19427588579526464,-0.029456299608142736
2292,1941.0,0.3431674048028397,0.4405820290675476,-0.19530252332238981,-0.028239280968843452
2304,1942.0,0.6931674048028396,0.44588414104221924,-0.19691448482490553,-0.02643310336901
2316,1943.0,0.30416740480283966,0.45107012008083913,-0.19852249943881592,-0.03342957204647131
2328,1944.0,0.7331674048028396,0.45637251413805435,-0.20058900956508272,-0.037415480503113545
2340,1945.0,0.4561674048028397,0.4609930600231438,-0.202494639329108,-0.0357083943161195
2352,1946.0,0.40416740480283964,0.46492722828992755,-0.2041357497385461,-0.03269470762664809
2364,1947.0,0.3501674048028397,0.46905605963253183,-0.20622792270333343,-0.030263125890385528
2376,1948.0,0.42716740480283966,0.47277054978425365,-0.20822056467253225,-0.026108468971859332
2388,1949.0,0.43416740480283966,0.47599554250551634,-0.21058727625250886,-0.01814378768767944
2400,1950.0,0.11816740480283966,0.4795689954611183,-0.21274271921446763,-0.020175471863019805
2412,1951.0,0.017167404802839653,0.4829740107376241,-0.21463241950524878,-0.020538033145352057
2424,1952.0,0.5351674048028396,0.48745070094277115,-0.21768368315027248,-0.023977996826093976
2436,1953.0,0.43916740480283967,0.4924394116757169,-0.2214157670554547,-0.0282379801285146
2448,1954.0,0.13816740480283968,0.4977182699160162,-0.226122877955152,-0.03195567702458799
2460,1955.0,0.5591674048028397,0.5039010600892612,-0.23115848939434658,-0.033814485352229806
2472,1956.0,0.27216740480283963,0.5102860994434022,-0.2368888793761185,-0.030415928782720966
2484,1957.0,0.22316740480283967,0.5173659180680539,-0.24273444744521355,-0.024553866559149425
2496,1958.0,0.6991674048028396,0.5252443600700026,-0.24915087862140958,-0.01614388596505177
2508,1959.0,0.4501674048028397,0.5337975913238293,-0.25619971534238906,-0.007994272613360682
2520,1960.0,0.3331674048028397,0.5435380897841288,-0.2630940578074168,-0.005721773681237687
2532,1961.0,0.39916740480283963,0.5536980510768883,-0.27029308155010096,-0.017123601717782853
2544,1962.0,0.40416740480283964,0.5632295580379225,-0.27731713692594495,-0.03417340578558412
2556,1963.0,0.3441674048028397,0.5727844579944951,-0.28466759077576087,-0.04983601996264076
2568,1964.0,0.2581674048028397,0.5826304215283927,-0.2924767482319185,-0.14219595793634446
2580,1965.0,0.30616740480283966,0.5927079676371569,-0.2999958664727174,-0.2057428727537352
2592,1966.0,0.18916740480283967,0.6029748599074677,-0.3077422965568931,-0.1697754090176485
2604,1967.0,0.25416740480283967,0.6134723479678572,-0.31591773348920815,-0.11960272957891592
2616,1968.0,0.14216740480283968,0.6255390729955139,-0.3243989492750673,-0.08712043871587825
2628,1969.0,0.30416740480283966,0.6379882877824666,-0.33246990686734834,-0.10625120102738875
2640,1970.0,0.4851674048028397,0.6516243423146418,-0.34066026311035275,-0.11310253342200548
2652,1971.0,0.28716740480283964,0.6660111591180436,-0.3491390656195929,-0.08079044600464672
2664,1972.0,0.08116740480283965,0.68146832041585,-0.3565100256750628,-0.05175783517913176
2676,1973.0,0.5911674048028397,0.6980280541446071,-0.3631505483491332,-0.037858774946972755
2688,1974.0,0.18816740480283967,0.7148129552502276,-0.3688050217424431,-0.04342227134637015
2700,1975.0,0.39716740480283963,0.732197543172644,-0.37342597184869025,-0.05842751808443346
2712,1976.0,0.31416740480283967,0.7503303595753803,-0.3772703864893168,-0.09520875136645028
2724,1977.0,0.6641674048028396,0.7690608575821075,-0.3811565859023025,-0.07559451016611915
2736,1978.0,0.4881674048028396,0.7882995432962243,-0.3846764797049984,-0.05095549145550046
2748,1979.0,0.5251674048028396,0.808619830418202,-0.3876619597360872,-0.04478703102544326
2760,1980.0,0.7311674048028396,0.8300781711852909,-0.3908746959541238,-0.03680458290836889
2772,1981.0,0.9211674048028395,0.8524143613734203,-0.393904250528575,-0.027458852497946246
2784,1982.0,0.4771674048028397,0.8747618211357197,-0.39719912170097676,-0.02503064275188875
2796,1983.0,0.8341674048028396,0.8962268232308834,-0.4016297074536324,-0.1468900559515124
2808,1984.0,0.6351674048028396,0.9180549847525803,-0.40657676568652595,-0.19992146014925682
2820,1985.0,0.6361674048028396,0.940742071301329,-0.4116385261101509,-0.14126245379182603
2832,1986.0,0.5851674048028397,0.9634296761628649,-0.41679199494813285,-0.09274738824193639
2844,1987.0,0.6931674048028396,0.9851531772532411,-0.42203971718847416,-0.0770361087413455
2856,1988.0,0.9021674048028396,1.0071856858104784,-0.4280012525910702,-0.0647590274437152
2868,1989.0,0.42416740480283965,1.0301118806803873,-0.43417078180346413,-0.04993073080591298
2880,1990.0,0.7711674048028396,1.0537317393887085,-0.4402023249044225,-0.03701700265183041
2892,1991.0,0.7911674048028396,1.077240728467827,-0.44612842615374043,-0.033075320821270904
2904,1992.0,0.8441674048028396,1.099715767626466,-0.4519581496495834,-0.16846926160948628
2916,1993.0,0.7591674048028396,1.120999244445572,-0.4570851682624264,-0.29073142667922164
2928,1994.0,0.6531674048028396,1.1406944615960384,-0.46197888401668663,-0.20626801722938942
2940,1995.0,0.8751674048028397,1.1594877583757832,-0.46638131977878705,-0.12797415021037778
2952,1996.0,0.6801674048028397,1.1778350437776643,-0.4707092166708939,-0.08229214507824156
2964,1997.0,0.7161674048028397,1.1958911797731528,-0.4746767514624323,-0.06129605209839656
2976,1998.0,1.0021674048028397,1.2143887625012788,-0.4786626580493052,-0.050133643506898855
2988,1999.0,0.8541674048028396,1.232878964611266,-0.48237046542718465,-0.038395005904052336
3000,2000.0,0.6821674048028397,1.251694446814878,-0.48614993240465815,-0.029883092930025928
3012,2001.0,0.8641674048028396,1.2705002463906194,-0.48969124440142514,-0.024091939875383633
3024,2002.0,1.1221674048028396,1.2883003449582535,-0.4927100763796801,-0.022283802276592886
3036,2003.0,1.1521674048028396,1.3062532026113227,-0.4953207583440554,-0.022191229955320958
3048,2004.0,0.9971674048028396,1.324365174286338,-0.49760186917768573,-0.026945519944896888
3060,2005.0,1.1391674048028397,1.3422376672984226,-0.4990150105815359,-0.03148563772223182
3072,2006.0,0.9921674048028397,1.3606069356628163,-0.5000173039050263,-0.03693413977718447
3084,2007.0,1.3391674048028397,1.3790918917775157,-0.5010487008358773,-0.041213328068295016
3096,2008.0,0.6591674048028396,1.3979524136380994,-0.5020924640968943,-0.043269490192058356
3108,2009.0,1.0611674048028397,1.416835160220467,-0.5025435531518735,-0.051765910492639046
3120,2010.0,1.1761674048028397,1.4354195993163446,-0.5027762969050182,-0.06018291642785173
3132,2011.0,0.9591674048028396,1.4544175075330497,-0.5031997311147907,-0.05529186003164515
3144,2012.0,0.8281674048028396,1.4734547934319775,-0.5037641409047613,-0.05720788762471236
3156,2013.0,1.0881674048028396,1.4930349805297038,-0.503860812356557,-0.05531849088854504
3168,2014.0,1.1371674048028397,1.5135623386858303,-0.5032260386255447,-0.05367239500457736
3180,2015.0,1.2101674048028397,1.5344221862790675,-0.5020203394966857,-0.05212686866665164
3192,2016.0,1.5991674048028395,1.5557023574745972,-0.5003672814997355,-0.051283385619819453
3204,2017.0,1.4371674048028396,1.5789361779708184,-0.4983552619434665,-0.04965269141849441
3216,2018.0,1.2221674048028397,1.602832536740113,-0.49623497198806343,-0.04203959609517316
3228,2019.0,1.2981674048028395,1.6230047346417593,-0.4942465774897451,-0.049304325644170706
3240,2020.0,1.5481674048028395,1.6424419003405033,-0.49222846472243037,-0.052216136643873756
3252,2021.0,1.2361674048028397,1.6612514551262918,-0.49010409495927054,-0.049402913424911356
3264,2022.0,1.261550,1.6795087941861337,-0.48774557345347824,-0.04265981834438898
3276,2023.0,1.554050,1.6973007727297942,-0.48512733175145734,-0.037469775260396965
3288,2024.0,1.635883,1.7147419999227473,-0.4823004425517371,-0.034877384219387395
3300,2025.0,,1.7319337510065038,-0.4793046757930739,-0.03530018880899689
3312,2026.0,,1.748957973785323,-0.4761710031489763,-0.03889466499030776
3324,2027.0,,1.7658779586159121,-0.4729235402986682,-0.04359435912187366
3336,2028.0,,1.7827332707283579,-0.46958106334871347,-0.04737050440640415
3348,2029.0,,1.7995420117211076,-0.4661581905784728,-0.04998990302581752
3360,2030.0,,1.8163123909546073,-0.462680134875077,-0.05178096284691219
3372,2031.0,,1.8330503185184335,-0.4594640454152763,-0.052681257173667985
3384,2032.0,,1.8497632152811179,-0.4570285660755454,-0.04913016205151462
3396,2033.0,,1.8664791441058433,-0.4554833178689907,-0.04211773268098657
3408,2034.0,,1.8832447328060828,-0.4546314087650893,-0.03683071059748873
3420,2035.0,,1.9001062920158145,-0.4543194970784193,-0.03420473650804623
3432,2036.0,,1.9171033521193015,-0.45442816266294705,-0.03461727014709631
3444,2037.0,,1.9342629293657398,-0.45486439975848525,-0.038210041497678475
3456,2038.0,,1.9516004819440074,-0.455555774238053,-0.04291117222343058
3468,2039.0,,1.9691143228904378,-0.45644587505046896,-0.0466898999403492
3480,2040.0,,1.9867870913182815,-0.45748188938456447,-0.0493122927418251
3492,2041.0,,2.004596560535005,-0.45843172573865165,-0.051106488485153825
3504,2042.0,,2.0225223766557807,-0.4589403683790281,-0.052009961189722766
3516,2043.0,,2.0405542785772415,-0.4589203468285259,-0.048462050422333154
3528,2044.0,,2.0586823986176963,-0.4584847407308174,-0.04145279800969427
3540,2045.0,,2.0769069605277637,-0.45772161842432035,-0.03616894061294919
3552,2046.0,,2.0952562746034533,-0.4566995685828478,-0.033546117191458384
3564,2047.0,,2.1137685443248015,-0.4554720124869123,-0.03396178688198863
3576,2048.0,,2.1324802277933674,-0.4540805535711825,-0.037557679492752676
3588,2049.0,,2.151422077700811,-0.45255759592903705,-0.042261916667902626
3600,2050.0,,2.1706105049475557,-0.45093375262445656,-0.04604373606088263
3612,2051.0,,2.1900467597132236,-0.4493484900266832,-0.04866920582326316
3624,2052.0,,2.2097269167872025,-0.44801586731349996,-0.05046646387793489
3636,2053.0,,2.2296521712539894,-0.4469880353723303,-0.051372984312397986
3648,2054.0,,2.2498264481236903,-0.4461958618060719,-0.04782810676228314
3660,2055.0,,2.2702387779148445,-0.4455855018215157,-0.040821873123184305
3672,2056.0,,2.290880348193712,-0.44511501841339096,-0.03554102012494213
3684,2057.0,,2.311765511785731,-0.44475174740324885,-0.03292118679533937
3696,2058.0,,2.3329168052761724,-0.4444702462630967,-0.03333983233925827
3708,2059.0,,2.3543551641803266,-0.444250696657796,-0.03693868663270976
3720,2060.0,,2.3760966253364857,-0.44406256597478255,-0.04164587138732384
3732,2061.0,,2.3981439489914838,-0.4435574160454692,-0.04543062432370221
3744,2062.0,,2.420484328032461,-0.4421660181646812,-0.04805901366025341
3756,2063.0,,2.4430909592382646,-0.43976416748757935,-0.04985917738638805
3768,2064.0,,2.4659349972558426,-0.43656245067647453,-0.050768589655809486
3780,2065.0,,2.488996198786058,-0.4327246939970106,-0.047226590170036414
3792,2066.0,,2.512248172488282,-0.4283782918008848,-0.04022322089023703
3804,2067.0,,2.5356718621666876,-0.42362226189012403,-0.034945218611513944
3816,2068.0,,2.5592746788940737,-0.41853350744810025,-0.03232822242660113
3828,2069.0,,2.583075023050005,-0.41317170514187773,-0.03274969160502276
3840,2070.0,,2.6070919800408463,-0.40759024473729405,-0.036351356087123865
3852,2071.0,,2.631341766814443,-0.4019842658814348,-0.04106133764856221
3864,2072.0,,2.6558279019450897,-0.39664741380124213,-0.04484887407366232
3876,2073.0,,2.6805106690764067,-0.39165811305213394,-0.04748003364425217
3888,2074.0,,2.7053253836023043,-0.38693199667682404,-0.04928295441285979
3900,2075.0,,2.730223143028201,-0.38240328492886616,-0.05019511059600539
3912,2076.0,,2.7551673167910686,-0.3780206732451065,-0.046655841957725416
3924,2077.0,,2.7801192948926703,-0.3737441252025272,-0.039655190521408076
3936,2078.0,,2.805050670143439,-0.36954237686400326,-0.03437989314407974
3948,2079.0,,2.82996181309987,-0.3653909956422466,-0.031765588980103225
3960,2080.0,,2.854866856069223,-0.3612787111391149,-0.032189737360338117
3972,2081.0,,2.879783130389096,-0.357365480568644,-0.03579406828617278
3984,2082.0,,2.904722820747355,-0.35393089433799596,-0.04050670359401762
3996,2083.0,,2.9295780843634596,-0.351026964066501,-0.04429688112866052
4008,2084.0,,2.9541561593911787,-0.34853437276889077,-0.04693066923210486
4020,2085.0,,2.9783143814707893,-0.346360189644358,-0.04873620601676757
4032,2086.0,,3.0019502571618344,-0.34443202982374793,-0.04965096575877256
4044,2087.0,,3.0249927756404387,-0.3426935124751213,-0.04611428828147609
4056,2088.0,,3.047382474704869,-0.3411007222819186,-0.039116215667303826
4068,2089.0,,3.0690802572549267,-0.33961944665287297,-0.033843484832038355
4080,2090.0,,3.0900822243416255,-0.3382227065916158,-0.031231734988519
4092,2091.0,,3.1104034290471754,-0.3368824463572074,-0.031658425525803335
4104,2092.0,,3.1300703843346294,-0.33557049353610935,-0.03526528650320062
4116,2093.0,,3.149182118870574,-0.3342720061113349,-0.039980439814766316
4128,2094.0,,3.1678759245352563,-0.33298213544425403,-0.04377312336265888
4140,2095.0,,3.186243125188824,-0.331697100210455,-0.04640940554597906
4152,2096.0,,3.204345948162988,-0.3304139528960734,-0.04821742453396928
4164,2097.0,,3.2222288359559412,-0.32913039176238673,-0.04913465465930828
4176,2098.0,,3.2399240135742686,-0.3278446215655883,-0.04560043580163801
4188,2099.0,,3.257448865190858,-0.3265552386780358,-0.038604810099401574
4200,2100.0,,3.2748230341128552,-0.325264492391191,-0.03333451452413241
4212,2101.0,,3.2920814726050285,-0.3240461296805282,-0.030725188344155142
4224,2102.0,,3.309260755479462,-0.3230234560358386,-0.031154291003748467
4236,2103.0,,3.326381175738533,-0.3222214682414634,-0.0347635526171798
4248,2104.0,,3.343447043205474,-0.32159137708750035,-0.03948109513320103
4260,2105.0,,3.360451856994861,-0.32109518537370346,-0.0432761565084066
4272,2106.0,,3.377376034649667,-0.3207033007259956,-0.04591480519607403
4284,2107.0,,3.3941952814175482,-0.3203926764560956,-0.0477251794193645
4296,2108.0,,3.4108865730976126,-0.32014536366153684,-0.04864475356461883
4308,2109.0,,3.4274290193027883,-0.3199473836000262,-0.04511286756488542
4320,2110.0,,3.4437923094653784,-0.3197878494937076,-0.03811956361175957
4332,2111.0,,3.459950200859936,-0.3196582825896331,-0.0328515787296738
4344,2112.0,,3.475900234744631,-0.3195520795071187,-0.030244552239599896
4356,2113.0,,3.491652314022088,-0.3194640974074457,-0.030675943638213028
4368,2114.0,,3.507219627910928,-0.31939033092369645,-0.03428748309192756
4380,2115.0,,3.5226142628811785,-0.31932766055345413,-0.03900729260139404
4392,2116.0,,3.5378383283387365,-0.31927365670683827,-0.04280461017485844
4404,2117.0,,3.552881551370889,-0.31922642709895876,-0.04544550431700382
4416,2118.0,,3.5677287617110522,-0.3191844978990357,-0.04725811330215211
4428,2119.0,,3.5823657174282983,-0.3191467211692396,-0.04817991156756131
4440,2120.0,,3.596779855681257,-0.31911220277798424,-0.044650239096954446
4452,2121.0,,3.6109486610323973,-0.31908024625873993,-0.037659138132360236
4464,2122.0,,3.6248527603750516,-0.31905030908723103,-0.03239334574840438
4476,2123.0,,3.6384958512270016,-0.31902196863008053,-0.029788501316012895
4488,2124.0,,3.6518938925369917,-0.3189948956255845,-0.03022206438157725
4500,2125.0,,3.6650657147320644,-0.31896883353051697,-0.033835765160991405
4512,2126.0,,3.678028630142479,-0.31894358243540166,-0.03855772570414987
4524,2127.0,,3.69078965319324,-0.31891898653771145,-0.04235718406830806
4536,2128.0,,3.703344105713341,-0.3188949243859826,-0.045000208806925145
4548,2129.0,,3.715682686200544,-0.31887130128192204,-0.046814938242866894
4560,2130.0,,3.7277959285520907,-0.31884804336315886,-0.04773884686170392
4572,2131.0,,3.73967518219826,-0.3188250929948847,-0.04421127469524189
4584,2132.0,,3.751301089299715,-0.3188024051808567,-0.037222264033363144
4596,2133.0,,3.7626566916974697,-0.31877994476828186,-0.031958551998319165
4608,2134.0,,3.7737476170538473,-0.3187576842709758,-0.029355778008434915
4620,2135.0,,3.7845915732274955,-0.3187356021740345,-0.02979140165727515
4632,2136.0,,3.795208990754454,-0.31871368161350955,-0.03340715320768245
4644,2137.0,,3.8056186802050966,-0.3186919093481348,-0.0381311547562764
4656,2138.0,,3.8158289029432164,-0.3186702749585049,-0.04193264440681498
4668,2139.0,,3.825834793494165,-0.3186487702233912,-0.04457769075903851
4680,2140.0,,3.835625760921757,-0.31862738863401513,-0.04639443218187347
4692,2141.0,,3.8451913546820125,-0.31860612501575974,-0.04732034320673188
4704,2142.0,,3.854522111210128,-0.3185849752335579,-0.04379476391104253
4716,2143.0,,3.863597969355059,-0.31856393596244437,-0.03680773663009362
4728,2144.0,,3.872401088723961,-0.31854300450886025,-0.03154599853132626
4740,2145.0,,3.8809366146721915,-0.31852217867148186,-0.028945189078039894
4752,2146.0,,3.889222017285541,-0.31850145663283164,-0.029382767908559548
4764,2147.0,,3.8972774592259953,-0.318480836874863,-0.03300046533027495
4776,2148.0,,3.905121723267337,-0.3184603181132149,-0.03772640348414071
4788,2149.0,,3.9127630648782894,-0.3184398992460066,-0.04136326824113443
4800,2150.0,,3.920196602745574,-0.31841957931395753,-0.04128305171742515
4812,2151.0,,3.927414976178135,-0.31839935746932563,-0.03919306349607818
4824,2152.0,,3.9344363391426747,-0.31837923295171444,-0.038402059507891884
4836,2153.0,,3.9412976050317257,-0.3183592050692292,-0.03808903054324044
4848,2154.0,,3.9480275537631333,-0.3183392731837995,-0.037951943690844606
4860,2155.0,,3.954648630747158,-0.31831943669974533,-0.03787968675243278
4872,2156.0,,3.9611783479241676,-0.31829969505487105,-0.03783138333732202
4884,2157.0,,3.9676303748946196,-0.3182800477135263,-0.03779199536684326
4896,2158.0,,3.9740153886926484,-0.31826049416120017,-0.03775599014846862
4908,2159.0,,3.9803417355911135,-0.31824103390030895,-0.037721331828157456
4920,2160.0,,3.986615946516598,-0.3182216664469126,-0.03768727096919193
4932,2161.0,,3.992843138455714,-0.31820239132815636,-0.03765353138366328
4944,2162.0,,3.9990273270713446,-0.3181832080802755,-0.037620010984482255
4956,2163.0,,4.005171670169114,-0.31816411624703983,-0.037586671734972925
4968,2164.0,,4.011278657309965,-0.3181451153785388,-0.03755349916357978
4980,2165.0,,4.017350257481259,-0.3181262050302349,-0.03752048747014987
4992,2166.0,,4.023388034103849,-0.3181073847622232,-0.037487634046829414
5004,2167.0,,4.029393234600342,-0.31808865413865234,-0.03745493746240344
5016,2168.0,,4.03536686015162,-0.31807001272727276,-0.037422396720765055
5028,2169.0,,4.041309720023956,-0.31805146009908153,-0.03739001098811085
5040,2170.0,,4.047222473879675,-0.31803299582804373,-0.037357779492571005
5052,2171.0,,4.053105664729409,-0.3180146194908743,-0.037325701487274716
5064,2172.0,,4.058959744595999,-0.31799633066686467,-0.03729377623675215
5076,2173.0,,4.064785094502237,-0.3179781289377476,-0.03726200301192154
5088,2174.0,,4.07058204003798,-0.31796001388758716,-0.03723038108823453
5100,2175.0,,4.0763508634845005,-0.3179419851026939,-0.03719890974498356
5112,2176.0,,4.082091813257588,-0.31792404217155434,-0.03716758826503668
5124,2177.0,,4.087805111262496,-0.317906184684776,-0.0371364159347297
5136,2178.0,,4.093490958622628,-0.3178884122350404,-0.03710539204381627
5148,2179.0,,4.099149540141694,-0.31787072441706676,-0.03707451588543931
5160,2180.0,,4.104781027779475,-0.31785312082757977,-0.03704378675611036
5172,2181.0,,4.1103855833593865,-0.31783560106528413,-0.03701320395569183
5184,2182.0,,4.115963360677783,-0.3178181647308412,-0.03698276678738052
5196,2183.0,,4.1215145071473005,-0.31780081142684974,-0.03695247455769145
5208,2184.0,,4.127039165077336,-0.31778354075782916,-0.03692232657644197
5220,2185.0,,4.132537472671904,-0.31776635233020367,-0.036892322156736046
5232,2186.0,,4.138009564807398,-0.3177492457522886,-0.03686246061494856
5244,2187.0,,4.143455573638925,-0.3177322206342776,-0.03683274127070976
5256,2188.0,,4.148875629073145,-0.31771527658823107,-0.03680316344688976
5268,2189.0,,4.154269859137129,-0.3176984132280646,-0.036773726469583067
5280,2190.0,,4.159638390266237,-0.3176816301695384,-0.03674442966809327
5292,2191.0,,4.164981347528931,-0.31766492703024723,-0.03671527237491774
5304,2192.0,,4.170298854802464,-0.31764830342961087,-0.03668625392573244
5316,2193.0,,4.175591034910301,-0.31763175898886414,-0.036657373659376755
5328,2194.0,,4.180858009729763,-0.31761529333104777,-0.036628630917838474
5340,2195.0,,4.186099900276434,-0.3175989060809994,-0.036600025046238736
5352,2196.0,,4.19131682677051,-0.3175825968653445,-0.03657155539281717
5364,2197.0,,4.196508908689054,-0.3175663653124876,-0.03654322130891702
5376,2198.0,,4.201676264807286,-0.3175502110526037,-0.03651502214897034
5388,2199.0,,4.206819013231322,-0.3175341337176291,-0.036486957270483344
5400,2200.0,,4.211937271424257,-0.31751813294125397,-0.036459026034021715
5412,2201.0,,4.217031156227057,-0.31750220835891263,-0.03643122780319606
5424,2202.0,,4.22210078387541,-0.31748635960777605,-0.036403561944647424
5436,2203.0,,4.227146270013424,-0.3174705863267429,-0.0363760278280328
5448,2204.0,,4.232167729704868,-0.3174548881564319,-0.03634862482601085
5460,2205.0,,4.2371652774424895,-0.31743926473917317,-0.036321352314227555
5472,2206.0,,4.242139027155849,-0.31742371571899997,-0.036294209671301994
5484,2207.0,,4.247089092217977,-0.31740824074164076,-0.036267196278812225
5496,2208.0,,4.252015585451125,-0.31739283945451124,-0.03624031152128112
5508,2209.0,,4.256918619131798,-0.31737751150670607,-0.036213554786162436
5520,2210.0,,4.261798304995239,-0.31736225654899075,-0.036186925463826784
5532,2211.0,,4.266654754239462,-0.31734707423379405,-0.03616042294754778
5544,2212.0,,4.271488077528956,-0.3173319642151997,-0.036134046633488195
5556,2213.0,,4.276298384998111,-0.3173169261489389,-0.03610779592068623
5568,2214.0,,4.281085786254435,-0.31730195969238184,-0.03608167021104178
5580,2215.0,,4.285850390381598,-0.3172870645045308,-0.036055668909302854
5592,2216.0,,4.290592305942353,-0.31727224024601147,-0.03602979142305197
5604,2217.0,,4.295311640981337,-0.31725748657906566,-0.03600403716269267
5616,2218.0,,4.300008503027794,-0.3172428031675437,-0.03597840554143612
5628,2219.0,,4.304682999098222,-0.3172281896768968,-0.0359528959752877
5640,2220.0,,4.309335235698983,-0.31721364577416883,-0.03592750788303371
5652,2221.0,,4.31396531882884,-0.31719917112798934,-0.03590224068622812
5664,2222.0,,4.3185733539814715,-0.31718476540856594,-0.035877093809179424
5676,2223.0,,4.323159446147949,-0.31717042828767655,-0.035852066678937464
5688,2224.0,,4.327723699819189,-0.317156159438662,-0.03582715872528045
5700,2225.0,,4.332266218988377,-0.3171419585364188,-0.035802369380701894
5712,2226.0,,4.3367871071533735,-0.3171278252573915,-0.03577769808039775
5724,2227.0,,4.341286467319096,-0.31711375927956553,-0.03575314426225346
5736,2228.0,,4.345764401999891,-0.31709976028245945,-0.03572870736683124
5748,2229.0,,4.350221013221887,-0.317085827947118,-0.03570438683735726
5760,2230.0,,4.354656402525326,-0.31707196195610493,-0.03568018211970904
5772,2231.0,,4.359070670966898,-0.3170581619934955,-0.03565609266240272
5784,2232.0,,4.363463919122036,-0.3170444277448692,-0.03563211791658059
5796,2233.0,,4.367836247087229,-0.31703075889730303,-0.0356082573359985
5808,2234.0,,4.3721877544823,-0.3170171551393638,-0.03558451037701348
5820,2235.0,,4.376518540452675,-0.3170036161611015,-0.03556087649857135
5832,2236.0,,4.3808287036716544,-0.31699014165404227,-0.03553735516219434
5844,2237.0,,4.385118342342658,-0.31697673131118076,-0.03551394583196888
5856,2238.0,,4.3893875542014635,-0.3169633848269739,-0.03549064797453334
5868,2239.0,,4.393636436518438,-0.31695010189733325,-0.03546746105906593
5880,2240.0,,4.397865086100753,-0.3169368822196188,-0.03544438455727256
5892,2241.0,,4.402073599294592,-0.31692372549263137,-0.03542141794337481
5904,2242.0,,4.406262071987345,-0.31691063141660614,-0.035398560694098004
5916,2243.0,,4.410430599609794,-0.31689759969320574,-0.0353758122886592
5928,2244.0,,4.414579277138291,-0.3168846300255135,-0.035353172208755404
5940,2245.0,,4.4187081990969155,-0.3168717221180266,-0.03533063993855169
5952,2246.0,,4.422817459559635,-0.3168588756766495,-0.03530821496466953
5964,2247.0,,4.426907152152447,-0.3168460904086869,-0.03528589677617501
5976,2248.0,,4.430977370055508,-0.3168333660228373,-0.03526368486456726
5988,2249.0,,4.435028206005263,-0.31682070222918657,-0.03524157872376682
6000,2250.0,,4.4390597522965525,-0.3168080987392009,-0.03521957785010413
6012,2251.0,,4.44307210078472,-0.3167955552657204,-0.03519768174230806
6024,2252.0,,4.447065342887704,-0.31678307152295293,-0.035175889901494464
6036,2253.0,,4.451039569588118,-0.3167706472264671,-0.03515420183115486
6048,2254.0,,4.4549948714353285,-0.31675828209318574,-0.03513261703714506
6060,2255.0,,4.458931338547513,-0.31674597584137987,-0.03511113502767395
6072,2256.0,,4.462849060613718,-0.3167337281906621,-0.035089755313292274
6084,2257.0,,4.466748126895891,-0.3167215388619802,-0.03506847740688148
6096,2258.0,,4.470628626230935,-0.31670940757761057,-0.03504730082364262
6108,2259.0,,4.474490647032721,-0.31669733406115225,-0.03502622508108533
6120,2260.0,,4.478334277294094,-0.31668531803752065,-0.03500524969901678
6132,2261.0,,4.482159604588891,-0.3166733592329408,-0.03498437419953079
6144,2262.0,,4.48596671607393,-0.3166614573749416,-0.034963598106996924
6156,2263.0,,4.489755698491,-0.3166496121923494,-0.03494292094804963
6168,2264.0,,4.49352663816883,-0.31663782341528157,-0.03492234225157748
6180,2265.0,,4.497279621025065,-0.3166260907751411,-0.03490186154871246
6192,2266.0,,4.501014732568216,-0.31661441400460977,-0.034881478372819186
6204,2267.0,,4.504732057899614,-0.31660279283764237,-0.03486119225948442
6216,2268.0,,4.508431681715344,-0.31659122700946046,-0.03484100274650636
6228,2269.0,,4.512113688308178,-0.3165797162565465,-0.03482090937388419
6240,2270.0,,4.515778161569495,-0.3165682603166379,-0.034800911683807556
6252,2271.0,,4.519425184991192,-0.3165568589287207,-0.03478100922064615
6264,2272.0,,4.5230548416675855,-0.3165455118330241,-0.034761201530939326
6276,2273.0,,4.526667214297306,-0.31653421877101423,-0.03474148816338579
6288,2274.0,,4.530262385185183,-0.31652297948538816,-0.034721868668833256
6300,2275.0,,4.533840436244116,-0.3165117937200685,-0.034702342600268304
6312,2276.0,,4.537401448996946,-0.3165006612201971,-0.0346829095128061
6324,2277.0,,4.540945504578312,-0.31648958173212943,-0.034663568963680357
6336,2278.0,,4.544472683736495,-0.3164785550034288,-0.03464432051223314
6348,2279.0,,4.547983066835262,-0.31646758078286064,-0.03462516371990491
6360,2280.0,,4.551476733855697,-0.31645665882038665,-0.0346060981502245
6372,2281.0,,4.554953764398024,-0.3164457888671593,-0.03458712336879917
6384,2282.0,,4.558414237683416,-0.31643497067551596,-0.03456823894330473
6396,2283.0,,4.561858232555805,-0.31642420399897336,-0.03454944444347563
6408,2284.0,,4.565285827483675,-0.3164134885922218,-0.03453073944109525
6420,2285.0,,4.5686971005618515,-0.31640282421112015,-0.03451212350998606
6432,2286.0,,4.5720921295132815,-0.3163922106126894,-0.03449359622599995
6444,2287.0,,4.575470991690804,-0.3163816475551078,-0.03447515716700857
6456,2288.0,,4.57883376407891,-0.3163711347977052,-0.03445680591289369
6468,2289.0,,4.5821805232954995,-0.31636067210095725,-0.03443854204553765
6480,2290.0,,4.585511345593625,-0.3163502592264804,-0.0344203651488138
6492,2291.0,,4.588826306863231,-0.31633989593702627,-0.03440227480857706
6504,2292.0,,4.592125482632882,-0.316329581996476,-0.03438427061265448
6516,2293.0,,4.595408948071484,-0.31631931716983525,-0.0343663521508358
6528,2294.0,,4.5986767779899935,-0.31630910122322886,-0.03434851901486415
6540,2295.0,,4.601929046843129,-0.3162989339238951,-0.03433077079842677
6552,2296.0,,4.60516582873106,-0.31628881504018075,-0.034313107097145655
6564,2297.0,,4.6083871974010995,-0.3162787443415357,-0.03429552750856847
6576,2298.0,,4.611593226249386,-0.3162687215985076,-0.03427803163215928
6588,2299.0,,4.614783988322551,-0.3162587465827369,-0.03426061906928947
6600,2300.0,,4.617959556319385,-0.31624881906695135,-0.03424328942322864
6612,2301.0,,4.621120002592496,-0.3162389388249609,-0.03422604229913561
6624,2302.0,,4.624265399149957,-0.3162291056316527,-0.03420887730404937
6636,2303.0,,4.627395817656943,-0.31621931926298585,-0.03419179404688013
6648,2304.0,,4.630511329437369,-0.3162095794959862,-0.03417479213840047
6660,2305.0,,4.6336120054755146,-0.31619988610874167,-0.0341578711912364
6672,2306.0,,4.636697916417635,-0.3161902388803966,-0.034141030819858594
6684,2307.0,,4.639769132573579,-0.31618063759114706,-0.034124270640573544
6696,2308.0,,4.642825723918388,-0.316171082022236,-0.034107590271514866
6708,2309.0,,4.645867760093887,-0.3161615719559478,-0.034090989332634596
6720,2310.0,,4.648895310410274,-0.3161521071756037,-0.03407446744569449
6732,2311.0,,4.6519084438477,-0.31614268746555685,-0.03405802423425746
6744,2312.0,,4.654907229057839,-0.3161333126111872,-0.034041659323678954
6756,2313.0,,4.657891734365457,-0.3161239823988966,-0.03402537234109845
6768,2314.0,,4.660862027769956,-0.3161146966161042,-0.034009162915430956
6780,2315.0,,4.66381817694694,-0.31610545505124144,-0.03399303067735853
6792,2316.0,,4.666760249249744,-0.316096257493747,-0.03397697525932188
6804,2317.0,,4.669688311710978,-0.3160871037340624,-0.03396099629551203
6816,2318.0,,4.6726024310440435,-0.3160779935636271,-0.03394509342186191
6828,2319.0,,4.675502673644666,-0.3160689267748735,-0.0339292662760381
6840,2320.0,,4.678389105592396,-0.3160599031612228,-0.03391351449743261
6852,2321.0,,4.6812617926521245,-0.31605092251707945,-0.03389783772715459
6864,2322.0,,4.684120800275576,-0.31604198463782723,-0.033882235608022206
6876,2323.0,,4.686966193602798,-0.31603308931982416,-0.03386670778455449
6888,2324.0,,4.68979803746365,-0.316024236360398,-0.03385125390296322
6900,2325.0,,4.692616396379278,-0.31601542555784157,-0.033835873611144915
6912,2326.0,,4.695421334563586,-0.31600665671140843,-0.03382056655867273
6924,2327.0,,4.698212915924699,-0.3159979296213077,-0.033805332396788526
6936,2328.0,,4.700991204066413,-0.3159892440887002,-0.03379017077839494
6948,2329.0,,4.703756262289655,-0.31598059991569344,-0.03377508135804742
6960,2330.0,,4.7065081535939175,-0.31597199690533734,-0.03376006379194641
6972,2331.0,,4.709246940678695,-0.3159634348616196,-0.03374511773792947
6984,2332.0,,4.711972685944915,-0.3159549135894613,-0.03373024285546352
6996,2333.0,,4.714685451496357,-0.31594643289471275,-0.033715438805637044
7008,2334.0,,4.717385299141071,-0.3159379925841484,-0.03370070525115241
7020,2335.0,,4.72007229039278,-0.315929592465463,-0.03368604185631814
7032,2336.0,,4.72274648647229,-0.31592123234726693,-0.03367144828704129
7044,2337.0,,4.725407948308874,-0.3159129120390821,-0.03365692421081985
7056,2338.0,,4.728056736541671,-0.31590463135133734,-0.033642469296735124
7068,2339.0,,4.73069291152106,-0.31589639009536447,-0.03362808321544423
7080,2340.0,,4.73331653331004,-0.3158881880833932,-0.03361376563917258
7092,2341.0,,4.735927661685593,-0.3158800251285479,-0.033599516241706415
7104,2342.0,,4.738526356140053,-0.3158719010448424,-0.033585334698385386
7116,2343.0,,4.741112675882454,-0.3158638156471766,-0.0335712206860951
7128,2344.0,,4.743686679839887,-0.31585576875133153,-0.03355717388325986
7140,2345.0,,4.746248426658835,-0.3158477601739655,-0.03354319396983522
7152,2346.0,,4.748797974706513,-0.3158397897326099,-0.03352928062730079
7164,2347.0,,4.751335382072199,-0.31583185724566504,-0.03351543353865293
7176,2348.0,,4.753860706568553,-0.31582396253239603,-0.03350165238839756
7188,2349.0,,4.756374005732941,-0.31581610541292854,-0.033487936862542894
7200,2350.0,,4.758875336828741,-0.31580828570824476,-0.03347428664859241
7212,2351.0,,4.761364756846644,-0.3158005032401794,-0.03346070143553761
7224,2352.0,,4.7638423225059645,-0.3157927578314156,-0.033447180913851016
7236,2353.0,,4.7663080902559205,-0.3157850493054808,-0.03343372477547907
7248,2354.0,,4.7687621162769265,-0.3157773774867429,-0.03342033271383514
7260,2355.0,,4.771204456481872,-0.3157697422004058,-0.03340700442379254
7272,2356.0,,4.773635166517395,-0.31576214327250635,-0.03339373960167753
7284,2357.0,,4.776054301765149,-0.31575458052990923,-0.03338053794526248
7296,2358.0,,4.778461917343067,-0.31574705380030393,-0.0333673991537589
7308,2359.0,,4.7808580681066175,-0.3157395629122003,-0.03335432292781064
7320,2360.0,,4.783242808650049,-0.3157321076949249,-0.03334130896948704
7332,2361.0,,4.785616193307639,-0.31572468797861675,-0.033328356982276174
7344,2362.0,,4.787978276154935,-0.31571730359422423,-0.03331546667107806
7356,2363.0,,4.790329111009977,-0.31570995437350025,-0.03330263774219796
7368,2364.0,,4.792668751434533,-0.31570264014899907,-0.03328986990333966
7380,2365.0,,4.794997250735312,-0.3156953607540725,-0.03327716286359885
7392,2366.0,,4.797314661965187,-0.3156881160228655,-0.03326451633345649
7404,2367.0,,4.799621037924392,-0.31568090579031327,-0.03325193002477217
7416,2368.0,,4.801916431161737,-0.31567372989213677,-0.03323940365077757
7428,2369.0,,4.804200893975801,-0.3156665881648392,-0.03322693692606997
7440,2370.0,,4.806474478416114,-0.3156594804457024,-0.033214529566605665
7452,2371.0,,4.8087372362843634,-0.31565240657278315,-0.03320218128969357
7464,2372.0,,4.810989219135554,-0.31564536638490936,-0.03318989181398873
7476,2373.0,,4.813230478279195,-0.3156383597216761,-0.03317766085948592
7488,2374.0,,4.815461064780462,-0.3156313864234426,-0.03316548814751327
7500,2375.0,,4.817681029461366,-0.31562444633132836,-0.03315337340072594
7512,2376.0,,4.819890422901909,-0.31561753928720915,-0.03314131634309976
7524,2377.0,,4.822089295441234,-0.31561066513371394,-0.03312931669992494
7536,2378.0,,4.824277697178777,-0.315603823714221,-0.03311737419779987
7548,2379.0,,4.826455677975405,-0.31559701487285446,-0.03310548856462482
7560,2380.0,,4.828623287454549,-0.31559023845448064,-0.03309365952959577
7572,2381.0,,4.830780575003345,-0.31558349430470456,-0.033081886823198264
7584,2382.0,,4.832927589773748,-0.3155767822698666,-0.03307017017720123
7596,2383.0,,4.835064380683657,-0.31557010219703874,-0.033058509324650875
7608,2384.0,,4.8371909964180295,-0.3155634539340212,-0.03304690399986463
7620,2385.0,,4.839307485429992,-0.31555683732933903,-0.03303535393842507
7632,2386.0,,4.84141389594194,-0.31555025223223865,-0.033023858877173906
7644,2387.0,,4.84351027594664,-0.3155436984926841,-0.033012418554205974
7656,2388.0,,4.845596673208322,-0.31553717596135394,-0.03300103270886326
7668,2389.0,,4.847673135263767,-0.31553068448963795,-0.032989701081729
7680,2390.0,,4.8497397094233925,-0.3155242239296335,-0.03297842341462175
7692,2391.0,,4.851796442772325,-0.3155177941341422,-0.032967199450589485
7704,2392.0,,4.853843382171481,-0.31551139495666664,-0.03295602893390376
7716,2393.0,,4.855880574258627,-0.31550502625140714,-0.03294491161005386
7728,2394.0,,4.857908065449449,-0.315498687873258,-0.032933847225741074
7740,2395.0,,4.859925901938601,-0.3154923796778049,-0.03292283552887284
7752,2396.0,,4.861934129700766,-0.3154861015213208,-0.032911876268557023
7764,2397.0,,4.863932794491703,-0.31547985326076333,-0.03290096919509625
7776,2398.0,,4.8659219418492805,-0.3154736347537712,-0.032890114059982156
7788,2399.0,,4.867901617094526,-0.31546744585866104,-0.03287931061588973
7800,2400.0,,4.869871865332652,-0.3154612864344242,-0.03286855861667174
7812,2401.0,,4.87183273145408,-0.3154551563407234,-0.032857857817353044
7824,2402.0,,4.873784260135474,-0.3154490554378897,-0.032847207974125055
7836,2403.0,,4.875726495840748,-0.31544298358691925,-0.03283660884434019
7848,2404.0,,4.8776594828220885,-0.31543694064947,-0.032826060186506315
7860,2405.0,,4.879583265120953,-0.3154309264878589,-0.03281556176028126
7872,2406.0,,4.881497886569079,-0.3154249409650583,-0.03280511332646736
7884,2407.0,,4.883403390789485,-0.31541898394469325,-0.03279471464700593
7896,2408.0,,4.885299821197456,-0.3154130552910382,-0.03278436548497197
7908,2409.0,,4.887187221001541,-0.31540715486901366,-0.03277406560456863
7920,2410.0,,4.8890656332045355,-0.3154012825441837,-0.032763814771121925
7932,2411.0,,4.890935100604459,-0.3153954381827524,-0.03275361275107536
7944,2412.0,,4.892795665795532,-0.3153896216515608,-0.03274345931198462
7956,2413.0,,4.8946473711691425,-0.3153838328180844,-0.03273335422251226
7968,2414.0,,4.8964902589148185,-0.31537807155042946,-0.03272329725242242
7980,2415.0,,4.898324371021185,-0.3153723377173304,-0.03271328817257564
7992,2416.0,,4.900149749276922,-0.31536663118814684,-0.032703326754923566
8004,2417.0,,4.901966435271715,-0.3153609518328603,-0.03269341277250379
8016,2418.0,,4.903774470397206,-0.3153552995220714,-0.03268354599943468
8028,2419.0,,4.9055738958479305,-0.3153496741269972,-0.03267372621091025
8040,2420.0,,4.907364752622262,-0.31534407551946786,-0.03266395318319497
8052,2421.0,,4.9091470815233444,-0.3153385035719239,-0.03265422669361877
8064,2422.0,,4.910920923160024,-0.3153329581574133,-0.03264454652057186
8076,2423.0,,4.912686317947765,-0.3153274391495884,-0.03263491244349977
8088,2424.0,,4.914443306109583,-0.3153219464227033,-0.032625324242898254
8100,2425.0,,4.9161919276769535,-0.315316479851611,-0.03261578170030837
8112,2426.0,,4.917932222490729,-0.3153110393117603,-0.03260628459831141
8124,2427.0,,4.9196642302020415,-0.31530562467919315,-0.03259683272052401
8136,2428.0,,4.921387990273207,-0.31530023583054173,-0.03258742585159321
8148,2429.0,,4.923103541978629,-0.31529487264302586,-0.03257806377719151
8160,2430.0,,4.924810924405691,-0.3152895349944497,-0.032568746284012046
8172,2431.0,,4.926510176455641,-0.3152842227631996,-0.03255947315976368
8184,2432.0,,4.9282013368444915,-0.31527893582824085,-0.03255024419316619
8196,2433.0,,4.9298844441038865,-0.31527367406911516,-0.032541059173945446
8208,2434.0,,4.931559536581989,-0.3152684373659379,-0.03253191789282862
8220,2435.0,,4.933226652444352,-0.31526322559939524,-0.03252282014153941
8232,2436.0,,4.93488582967479,-0.31525803865074137,-0.03251376571279334
8244,2437.0,,4.936537106076238,-0.3152528764017963,-0.032504754400292955
8256,2438.0,,4.9381805192716195,-0.31524773873494244,-0.03249578599872321
8268,2439.0,,4.939816106704705,-0.31524262553312254,-0.0324868603037467
8280,2440.0,,4.9414439056409565,-0.3152375366798366,-0.03247797711199911
8292,2441.0,,4.943063953168385,-0.3152324720591395,-0.03246913622108446
8304,2442.0,,4.94467628619839,-0.31522743155563804,-0.03246033742957062
8316,2443.0,,4.946280941466604,-0.3152224150544888,-0.03245158053698463
8328,2444.0,,4.947877955533729,-0.3152174224413949,-0.03244286534380816
8340,2445.0,,4.9494673647863685,-0.31521245360260414,-0.03243419165147297
8352,2446.0,,4.9510492054378545,-0.3152075084249057,-0.032425559262356365
8364,2447.0,,4.952623513529078,-0.31520258679562785,-0.03241696797977676
8376,2448.0,,4.9541903249293044,-0.3151976886026355,-0.03240841760798908
8388,2449.0,,4.955749675336997,-0.31519281373432745,-0.03239990795218041
8400,2450.0,,4.957301600280621,-0.3151879620796341,-0.0323914388184655
8412,2451.0,,4.958846135119464,-0.3151831335280146,-0.03238301001388237
8424,2452.0,,4.960383315044435,-0.31517832796945444,-0.0323746213463879
8436,2453.0,,4.961913175078866,-0.3151735452944632,-0.03236627262485345
8448,2454.0,,4.963435750079313,-0.31516878539407156,-0.03235796365906052
8460,2455.0,,4.964951074736349,-0.3151640481598294,-0.03234969425969643
8472,2456.0,,4.966459183575351,-0.31515933348380276,-0.03234146423834996
8484,2457.0,,4.967960110957295,-0.31515464125857184,-0.0323332734075071
8496,2458.0,,4.969453891079529,-0.3151499713772283,-0.032325121580546755
8508,2459.0,,4.97094055797656,-0.3151453237333728,-0.03231700857173649
8520,2460.0,,4.9724201455208235,-0.3151406982211128,-0.032308934196228344
8532,2461.0,,4.97389268742346,-0.3151360947350599,-0.03230089827005455
8544,2462.0,,4.9753582172350805,-0.3151315131703276,-0.032292900610123396
8556,2463.0,,4.976816768346531,-0.31512695342252905,-0.03228494103421501
8568,2464.0,,4.978268373989654,-0.3151224153877739,-0.032277019360977245
8580,2465.0,,4.979713067238046,-0.31511789896266734,-0.032269135409921545
8592,2466.0,,4.98115088100781,-0.3151134040443061,-0.03226128900141881
8604,2467.0,,4.982581848058305,-0.3151089305302776,-0.032253479956695315
8616,2468.0,,4.9840060009928955,-0.3151044783186564,-0.03224570809782864
8628,2469.0,,4.985423372259691,-0.31510004730800273,-0.032237973247743607
8640,2470.0,,4.986833994152286,-0.3150956373973599,-0.03223027523020826
8652,2471.0,,4.988237898810496,-0.3150912484862518,-0.03222261386982984
8664,2472.0,,4.989635118221091,-0.31508688047468086,-0.03221498899205078
8676,2473.0,,4.991025684218526,-0.3150825332631256,-0.03220740042314475
8688,2474.0,,4.992409628485658,-0.3150782067525385,-0.03219984799021269
8700,2475.0,,4.993786982554476,-0.3150739008443438,-0.03219233152117885
8712,2476.0,,4.995157777806819,-0.315069615440435,-0.03218485084478689
8724,2477.0,,4.996522045475087,-0.3150653504431728,-0.032177405790596
8736,2478.0,,4.997879816642954,-0.3150611057553829,-0.03216999618897695
8748,2479.0,,4.999231122246078,-0.31505688128035364,-0.032162621871108306
8760,2480.0,,5.000575993072804,-0.31505267692183414,-0.03215528266897253
8772,2481.0,,5.0019144597648655,-0.3150484925840315,-0.03214797841535215
8784,2482.0,,5.003246552818087,-0.31504432817160927,-0.03214070894382598
8796,2483.0,,5.004572302583068,-0.3150401835896848,-0.032133474088765324
8808,2484.0,,5.00589173926589,-0.3150360587438273,-0.03212627368533018
8820,2485.0,,5.007204892928789,-0.31503195354005575,-0.03211910756946548
8832,2486.0,,5.008511793490852,-0.31502786788483655,-0.03211197557789742
8844,2487.0,,5.009812470728693,-0.3150238016850816,-0.032104877548129636
8856,2488.0,,5.011106954277134,-0.3150197548481459,-0.032097813318439576
8868,2489.0,,5.012395273629877,-0.31501572728182586,-0.0320907827278748
8880,2490.0,,5.0136774581401795,-0.3150117188943567,-0.0320837856162493
8892,2491.0,,5.014953537021522,-0.3150077295944107,-0.03207682182413985
8904,2492.0,,5.016223539348272,-0.3150037592910952,-0.032069891192882415
8916,2493.0,,5.0174874940563505,-0.3149998078939501,-0.03206299356456844
8928,2494.0,,5.018745429943886,-0.3149958753129462,-0.03205612878204137
8940,2495.0,,5.019997375671875,-0.3149919614584831,-0.032049296688892975
8952,2496.0,,5.021243359764833,-0.3149880662413869,-0.03204249712945986
8964,2497.0,,5.022483410611442,-0.3149841895729084,-0.03203572994881987
8976,2498.0,,5.023717556465206,-0.31498033136472103,-0.032028994992788544
8988,2499.0,,5.024945825445084,-0.31497649152891877,-0.03202229210791567
9000,2500.0,,5.0261682455361365,-0.31497266997801426,-0.03201562114148173
